# NAME,PWD,FIRST_NAME,LAST_NAME,ADDRESS,COUNTRY,STATE,CITY,ZIPCODE,PHONE_NUMBER
#BLANK,Riya@123,Riya,Sharma,123 Street,India,Delhi,New Delhi,110001,9876543210
Riya,#BLANK,Riya,Sharma,123 Street,India,Delhi,New Delhi,110001,9876543210
Riya,Riya@123,#BLANK,Sharma,123 Street,India,Delhi,New Delhi,110001,9876543210
Riya,Riya@123,Riya,#BLANK,123 Street,India,Delhi,New Delhi,110001,9876543210
Riya,Riya@123,Riya,Sharma,#BLANK,India,Delhi,New Delhi,110001,9876543210
Riya,Riya@123,Riya,Sharma,123 Street,#BLANK,Delhi,New Delhi,110001,9876543210
Riya,Riya@123,Riya,Sharma,123 Street,India,#BLANK,New Delhi,110001,9876543210
Riya,Riya@123,Riya,Sharma,123 Street,India,Delhi,#BLANK,110001,9876543210
Riya,Riya@123,Riya,Sharma,123 Street,India,Delhi,New Delhi,#BLANK,9876543210
Riya,Riya@123,Riya,Sharma,123 Street,India,Delhi,New Delhi,110001,#BLANK